{
  "Geological": {
    "train_mse": 3.1677340140127153,
    "test_mse": 8.627720419523143,
    "train_r2": 0.9378234965231885,
    "test_r2": 0.8455803603291336
  },
  "Climatic": {
    "train_mse": 4.21735482691805,
    "test_mse": 6.174773610966844,
    "train_r2": 0.7544908894633507,
    "test_r2": 0.6778886954463166
  }
}